"id","matchDate","Country","League","Season","homeTeam","awayTeam","H","D","A","O05","U05","O15","U15","O25","U25","O35","U35","O45","U45","BTTSY","BTTSN"
"121898","03-07-26 05:00","World","World Cup - Final phase","2026","Switzerland","Algeria","1.95","3.18","4.91","1.07","8.51","1.32","3.41","2.06","1.82","3.43","1.31","7.30","1.09","1.79","2.02"
"121899","03-07-26 01:00","World","World Cup - Final phase","2026","Portugal","Croatia","1.70","3.66","5.95","1.03","11.70","1.23","4.25","1.77","2.13","2.62","1.49","4.82","1.18","1.69","2.17"
"121900","02-07-26 21:00","World","World Cup - Final phase","2026","Spain","Austria","1.35","5.09","10.80","1.02","13.80","1.20","4.61","1.70","2.23","2.62","1.49","4.82","1.18","1.98","1.83"
"121894","02-07-26 02:00","World","World Cup - Final phase","2026","USA","Bosnia & Herzegovina","1.35","5.36","9.66","1.02","14.50","1.18","4.79","1.55","2.45","2.45","1.55","4.30","1.22","1.87","1.94"
"121895","01-07-26 22:00","World","World Cup - Final phase","2026","Belgium","Senegal","2.01","3.49","4.06","1.02","13.80","1.20","4.61","1.70","2.23","2.62","1.49","4.82","1.18","1.58","2.39"
"121896","01-07-26 18:00","World","World Cup - Final phase","2026","England","D.R. Congo","1.30","5.32","14.00","1.03","11.70","1.28","3.72","1.84","2.03","3.12","1.37","5.76","1.14","2.41","1.57"
"121891","01-07-26 03:00","World","World Cup - Final phase","2026","Mexico","Ecuador","2.26","2.75","4.44","1.18","4.79","1.70","2.23","3.12","1.37","6.57","1.11","12.20","1.03","2.39","1.58"
"121892","30-06-26 23:00","World","World Cup - Final phase","2026","France","Sweden","1.30","5.86","10.90","1.02","18.50","1.12","6.38","1.41","2.93","2.06","1.82","3.33","1.33","1.70","2.14"
"121893","30-06-26 19:00","World","World Cup - Final phase","2026","Ivory Coast","Norway","3.97","3.43","2.05","1.03","11.70","1.23","4.25","1.77","2.13","2.79","1.44","5.31","1.16","1.63","2.29"
"121888","30-06-26 03:00","World","World Cup - Final phase","2026","Netherlands","Morocco","2.30","3.16","3.58","1.06","9.57","1.32","3.41","2.06","1.82","3.43","1.31","7.30","1.09","1.73","2.10"
"121889","29-06-26 22:30","World","World Cup - Final phase","2026","Germany","Paraguay","1.35","5.12","10.30","1.02","13.80","1.20","4.61","1.60","2.34","2.45","1.55","4.30","1.22","1.90","1.90"
"121890","29-06-26 19:00","World","World Cup - Final phase","2026","Brazil","Japan","1.76","3.59","5.45","1.07","8.51","1.35","3.19","2.16","1.74","3.73","1.28","7.30","1.09","1.98","1.83"
"121887","28-06-26 21:00","World","World Cup - Final phase","2026","South Africa","Canada","5.43","3.32","1.83","1.07","8.51","1.35","3.19","2.16","1.74","3.73","1.28","7.30","1.09","1.92","1.88"
"121880","28-06-26 04:00","World","World Cup - Final phase","2026","Jordan","Argentina","23.00","10.20","1.13","1.01","16.00","1.16","5.32","1.52","2.53","2.27","1.64","4.03","1.25","2.92","1.41"
"121879","28-06-26 04:00","World","World Cup - Final phase","2026","Algeria","Austria","3.79","2.09","3.46","1.20","4.61","1.55","2.45","2.95","1.40","5.31","1.16","11.50","1.04","1.98","1.83"
"121882","28-06-26 01:30","World","World Cup - Final phase","2026","D.R. Congo","Uzbekistan","1.67","3.88","5.71","1.06","9.47","1.33","3.37","2.18","1.73","3.77","1.27","7.37","1.09","2.02","1.80"
"121881","28-06-26 01:30","World","World Cup - Final phase","2026","Colombia","Portugal","4.34","3.98","1.82","1.02","13.80","1.20","4.61","1.70","2.23","2.62","1.49","4.82","1.18","1.63","2.29"
"121884","27-06-26 23:00","World","World Cup - Final phase","2026","Panama","England","18.90","8.99","1.15","1.01","20.00","1.12","6.32","1.36","3.16","1.98","1.88","3.15","1.36","2.24","1.65"
"121883","27-06-26 23:00","World","World Cup - Final phase","2026","Croatia","Ghana","1.86","3.17","5.59","1.09","7.37","1.42","2.90","2.29","1.63","4.34","1.22","8.58","1.07","2.14","1.71"
"121867","27-06-26 05:00","World","World Cup - Final phase","2026","Egypt","Iran","2.64","2.70","3.55","1.14","5.85","1.52","2.53","2.79","1.44","5.31","1.16","10.40","1.05","2.05","1.78"
"121868","27-06-26 05:00","World","World Cup - Final phase","2026","New Zealand","Belgium","13.60","8.89","1.18","1.01","26.00","1.06","9.00","1.25","4.00","1.67","2.20","2.50","1.54","1.76","2.06"
"121870","27-06-26 02:00","World","World Cup - Final phase","2026","Uruguay","Spain","6.50","3.67","1.66","1.05","10.60","1.28","3.72","1.96","1.90","3.33","1.33","6.18","1.12","1.89","1.92"
"121869","27-06-26 02:00","World","World Cup - Final phase","2026","Cape Verde","Saudi Arabia","2.47","3.37","3.04","1.06","9.00","1.35","3.20","2.19","1.73","3.96","1.25","7.73","1.09","1.76","2.06"
"121872","26-06-26 21:00","World","World Cup - Final phase","2026","Senegal","Iraq","1.23","7.49","12.20","1.02","17.50","1.16","5.26","1.45","2.77","2.20","1.68","3.77","1.27","2.06","1.76"
"121871","26-06-26 21:00","World","World Cup - Final phase","2026","Norway","France","6.78","5.64","1.42","1.02","18.50","1.16","5.26","1.45","2.77","2.20","1.68","3.77","1.27","1.66","2.23"
"121862","26-06-26 04:00","World","World Cup - Final phase","2026","Turkey","USA","3.47","4.07","2.01","1.01","14.00","1.20","4.61","1.60","2.34","2.45","1.55","4.30","1.22","1.57","2.41"
"121861","26-06-26 04:00","World","World Cup - Final phase","2026","Paraguay","Australia","2.61","2.45","4.19","1.20","4.61","1.84","2.03","3.73","1.28","7.93","1.08","14.00","1.02","2.66","1.48"
"121864","26-06-26 01:00","World","World Cup - Final phase","2026","Tunisia","Netherlands","23.00","8.28","1.15","1.01","20.00","1.12","6.32","1.33","3.37","1.98","1.88","2.98","1.39","2.05","1.78"
"121863","26-06-26 01:00","World","World Cup - Final phase","2026","Japan","Sweden","2.34","3.26","3.37","1.03","11.70","1.23","4.25","1.77","2.13","2.79","1.44","5.31","1.16","1.59","2.36"
"121865","25-06-26 22:00","World","World Cup - Final phase","2026","Curacao","Ivory Coast","14.60","8.24","1.19","1.01","17.00","1.15","5.50","1.45","2.75","2.19","1.73","3.64","1.29","2.33","1.61"
"121866","25-06-26 22:00","World","World Cup - Final phase","2026","Ecuador","Germany","4.73","4.31","1.70","1.02","14.50","1.20","4.61","1.60","2.34","2.62","1.49","4.82","1.18","1.64","2.26"
"121856","25-06-26 03:00","World","World Cup - Final phase","2026","South Africa","South Korea","5.73","3.84","1.68","1.07","8.51","1.41","2.93","2.18","1.69","4.03","1.25","7.93","1.08","2.16","1.70"
"121855","25-06-26 03:00","World","World Cup - Final phase","2026","Czech Republic","Mexico","4.62","4.03","1.77","1.07","8.49","1.43","2.83","2.33","1.65","4.21","1.23","8.23","1.08","1.98","1.83"
"121858","25-06-26 00:00","World","World Cup - Final phase","2026","Scotland","Brazil","11.00","5.74","1.31","1.03","13.00","1.25","4.00","1.86","2.00","3.13","1.37","5.63","1.14","2.20","1.67"
"121857","25-06-26 00:00","World","World Cup - Final phase","2026","Morocco","Haiti","1.34","5.56","9.69","1.01","15.00","1.19","4.74","1.57","2.42","2.47","1.54","4.34","1.22","2.12","1.72"
"121860","24-06-26 21:00","World","World Cup - Final phase","2026","Switzerland","Canada","2.54","3.06","3.22","1.07","8.51","1.35","3.19","2.16","1.74","3.73","1.28","7.30","1.09","1.79","2.02"
"121859","24-06-26 21:00","World","World Cup - Final phase","2026","Bosnia & Herzegovina","Qatar","1.44","5.13","7.18","1.01","14.00","1.19","4.74","1.57","2.42","2.47","1.54","4.34","1.22","1.76","2.06"
"121850","24-06-26 04:00","World","World Cup - Final phase","2026","Colombia","D.R. Congo","1.57","3.98","7.14","1.06","9.57","1.32","3.41","2.06","1.82","3.73","1.28","7.30","1.09","2.12","1.73"
"121851","24-06-26 01:00","World","World Cup - Final phase","2026","Panama","Croatia","8.16","4.71","1.44","1.02","13.70","1.20","4.56","1.71","2.21","2.65","1.49","4.87","1.18","1.89","1.92"
"121852","23-06-26 22:00","World","World Cup - Final phase","2026","England","Ghana","1.20","7.61","15.20","1.01","16.00","1.18","4.79","1.52","2.53","2.36","1.59","4.03","1.25","2.29","1.63"
"121853","23-06-26 19:00","World","World Cup - Final phase","2026","Portugal","Uzbekistan","1.14","9.71","19.30","1.02","19.00","1.12","6.38","1.41","2.93","2.06","1.82","3.33","1.33","2.31","1.62"
"121846","23-06-26 05:00","World","World Cup - Final phase","2026","Jordan","Algeria","6.63","4.59","1.51","1.04","11.60","1.25","3.95","1.86","2.01","2.98","1.39","5.82","1.14","1.92","1.88"
"121847","23-06-26 02:00","World","World Cup - Final phase","2026","Norway","Senegal","2.38","3.46","3.12","1.04","11.60","1.23","4.21","1.78","2.10","2.82","1.43","5.36","1.16","1.59","2.36"
"121848","22-06-26 23:00","World","World Cup - Final phase","2026","France","Iraq","1.07","12.00","26.00","1.01","23.00","1.09","7.37","1.30","3.58","1.78","2.10","2.65","1.49","2.61","1.50"
"121849","22-06-26 19:00","World","World Cup - Final phase","2026","Argentina","Austria","1.46","4.44","8.18","1.03","11.70","1.28","3.72","1.84","2.03","3.12","1.37","5.76","1.14","1.98","1.83"
"121842","22-06-26 03:00","World","World Cup - Final phase","2026","New Zealand","Egypt","6.23","3.97","1.62","1.07","8.51","1.35","3.19","2.09","1.74","4.03","1.25","7.93","1.08","2.12","1.73"
"121843","22-06-26 00:00","World","World Cup - Final phase","2026","Uruguay","Cape Verde","1.41","4.85","8.68","1.06","9.47","1.30","3.58","2.09","1.80","3.46","1.31","6.63","1.11","2.41","1.57"
"121844","21-06-26 21:00","World","World Cup - Final phase","2026","Belgium","Iran","1.43","4.59","8.68","1.03","11.70","1.25","3.99","1.84","2.03","3.12","1.37","5.76","1.14","2.03","1.79"
"121845","21-06-26 18:00","World","World Cup - Final phase","2026","Spain","Saudi Arabia","1.11","11.70","21.00","1.01","22.00","1.09","7.45","1.29","3.62","1.84","2.03","2.79","1.44","2.41","1.57"
"121838","21-06-26 06:00","World","World Cup - Final phase","2026","Tunisia","Japan","9.25","4.60","1.42","1.05","10.50","1.30","3.58","1.98","1.88","3.46","1.31","6.63","1.11","2.14","1.71"
"121839","21-06-26 02:00","World","World Cup - Final phase","2026","Ecuador","Curacao","1.16","9.59","15.20","1.01","16.00","1.16","5.32","1.44","2.79","2.18","1.69","3.73","1.28","2.55","1.52"
"121840","20-06-26 22:00","World","World Cup - Final phase","2026","Germany","Ivory Coast","1.46","4.87","7.09","1.03","15.00","1.18","4.79","1.55","2.45","2.45","1.55","4.30","1.22","1.70","2.14"
"121841","20-06-26 19:00","World","World Cup - Final phase","2026","Netherlands","Sweden","1.70","4.07","5.14","","","1.18","4.79","1.60","2.34","2.45","1.55","4.30","1.22","1.63","2.29"
"121833","20-06-26 05:00","World","World Cup - Final phase","2026","Turkey","Paraguay","2.08","3.38","3.93","1.06","9.57","1.32","3.41","2.06","1.82","3.73","1.28","7.30","1.09","1.79","2.02"
"121834","20-06-26 02:30","World","World Cup - Final phase","2026","Brazil","Haiti","1.11","11.70","22.00","1.01","20.00","1.10","6.91","1.32","3.41","1.84","2.03","2.95","1.40","2.60","1.50"
"121835","20-06-26 00:00","World","World Cup - Final phase","2026","Scotland","Morocco","5.73","3.84","1.68","1.06","9.57","1.32","3.41","2.06","1.82","3.43","1.31","6.57","1.11","1.92","1.88"
"121836","19-06-26 21:00","World","World Cup - Final phase","2026","USA","Australia","1.55","4.44","6.21","1.06","9.57","1.35","3.19","2.16","1.74","3.73","1.28","7.30","1.09","2.18","1.69"
"121828","19-06-26 03:00","World","World Cup - Final phase","2026","Mexico","South Korea","2.05","3.34","4.10","1.07","8.51","1.35","3.19","2.09","1.74","4.03","1.25","7.93","1.08","1.87","1.94"
"121829","19-06-26 00:00","World","World Cup - Final phase","2026","Canada","Qatar","1.28","6.11","11.50","1.02","13.80","1.20","4.61","1.70","2.23","2.62","1.49","4.82","1.18","2.39","1.58"
"121830","18-06-26 21:00","World","World Cup - Final phase","2026","Switzerland","Bosnia & Herzegovina","1.57","4.10","6.66","1.04","11.60","1.25","3.95","1.86","2.01","2.98","1.39","5.82","1.14","1.87","1.94"
"121831","18-06-26 18:00","World","World Cup - Final phase","2026","Czech Republic","South Africa","1.86","3.61","4.61","1.07","8.51","1.35","3.19","2.16","1.74","3.73","1.28","7.93","1.08","1.92","1.88"
"121824","18-06-26 04:00","World","World Cup - Final phase","2026","Uzbekistan","Colombia","10.60","5.35","1.34","1.02","13.80","1.20","4.61","1.70","2.23","2.62","1.49","4.82","1.18","2.12","1.73"
"121825","18-06-26 01:00","World","World Cup - Final phase","2026","Ghana","Panama","2.30","3.26","3.47","1.09","7.45","1.41","2.93","2.18","1.69","4.03","1.25","7.93","1.08","1.87","1.94"
"121826","17-06-26 22:00","World","World Cup - Final phase","2026","England","Croatia","1.66","3.96","5.67","1.05","10.60","1.29","3.62","1.96","1.90","3.33","1.33","6.18","1.12","1.87","1.94"
"121827","17-06-26 19:00","World","World Cup - Final phase","2026","Portugal","D.R. Congo","1.30","5.47","12.20","1.04","11.60","1.23","4.21","1.78","2.10","2.82","1.43","5.36","1.16","2.18","1.69"
"121820","17-06-26 06:00","World","World Cup - Final phase","2026","Austria","Jordan","1.42","4.84","8.58","1.04","11.60","1.25","3.95","1.86","2.01","3.15","1.36","5.82","1.14","2.12","1.73"
"121821","17-06-26 03:00","World","World Cup - Final phase","2026","Argentina","Algeria","1.56","4.07","7.04","1.05","10.60","1.29","3.62","1.96","1.90","3.43","1.31","6.57","1.11","2.03","1.79"
"121822","17-06-26 00:00","World","World Cup - Final phase","2026","Iraq","Norway","12.10","7.49","1.23","1.01","15.00","1.18","4.79","1.55","2.45","2.45","1.55","4.30","1.22","2.29","1.63"
"121823","16-06-26 21:00","World","World Cup - Final phase","2026","France","Senegal","1.51","4.59","6.63","1.01","12.70","1.18","4.79","1.60","2.34","2.45","1.55","4.82","1.18","1.73","2.10"
"121816","16-06-26 03:00","World","World Cup - Final phase","2026","Iran","New Zealand","1.85","3.49","4.91","1.10","6.91","1.44","2.79","2.36","1.59","4.30","1.22","9.41","1.06","2.12","1.73"
"121817","16-06-26 00:00","World","World Cup - Final phase","2026","Saudi Arabia","Uruguay","7.64","4.07","1.53","1.07","8.51","1.35","3.19","2.16","1.74","3.73","1.28","7.30","1.09","2.29","1.63"
"121818","15-06-26 21:00","World","World Cup - Final phase","2026","Belgium","Egypt","1.54","4.31","6.67","1.04","11.60","1.25","3.95","1.86","2.01","2.98","1.39","5.82","1.14","1.87","1.94"
"121819","15-06-26 18:00","World","World Cup - Final phase","2026","Spain","Cape Verde","1.07","13.00","26.00","1.01","25.00","1.07","8.42","1.28","3.68","1.78","2.10","2.65","1.49","2.29","1.63"
"121812","15-06-26 04:00","World","World Cup - Final phase","2026","Sweden","Tunisia","1.86","3.51","4.76","1.07","8.51","1.35","3.19","2.16","1.74","3.73","1.28","7.30","1.09","1.94","1.86"
"121813","15-06-26 01:00","World","World Cup - Final phase","2026","Ivory Coast","Ecuador","3.16","2.98","2.64","1.12","6.38","1.52","2.53","2.62","1.49","5.31","1.16","10.40","1.05","2.03","1.79"
"121814","14-06-26 22:00","World","World Cup - Final phase","2026","Netherlands","Japan","1.98","3.56","4.11","1.05","10.60","1.29","3.62","1.96","1.90","3.43","1.31","6.57","1.11","1.85","1.96"
"121815","14-06-26 19:00","World","World Cup - Final phase","2026","Germany","Curacao","1.03","17.00","41.00","1.01","34.00","1.05","10.60","1.18","4.79","1.48","2.66","2.09","1.74","2.92","1.41"
"121802","14-06-26 06:00","World","World Cup - Final phase","2026","Australia","Turkey","5.66","3.80","1.69","1.06","9.57","1.32","3.41","2.06","1.82","3.43","1.31","7.30","1.09","1.94","1.86"
"121801","14-06-26 03:00","World","World Cup - Final phase","2026","Haiti","Scotland","5.42","4.41","1.62","1.02","14.30","1.23","4.13","1.74","2.10","2.93","1.41","5.38","1.15","1.72","2.12"
"121800","14-06-26 00:00","World","World Cup - Final phase","2026","Brazil","Morocco","1.68","3.87","5.61","1.07","8.51","1.35","3.19","2.16","1.74","3.73","1.28","7.30","1.09","2.03","1.79"
"121799","13-06-26 21:00","World","World Cup - Final phase","2026","Qatar","Switzerland","15.20","7.61","1.20","1.02","13.80","1.20","4.61","1.70","2.23","2.62","1.49","4.82","1.18","2.68","1.47"
"121798","13-06-26 03:00","World","World Cup - Final phase","2026","USA","Paraguay","2.03","3.38","4.13","1.09","7.45","1.41","2.93","2.27","1.64","4.30","1.22","8.50","1.07","2.00","1.82"
"121797","12-06-26 21:00","World","World Cup - Final phase","2026","Canada","Bosnia & Herzegovina","1.80","3.57","5.15","1.06","9.47","1.33","3.37","2.18","1.73","3.77","1.27","7.37","1.09","1.87","1.94"
"121796","12-06-26 04:00","World","World Cup - Final phase","2026","South Korea","Czech Republic","2.46","3.15","3.25","1.07","8.42","1.33","3.37","2.18","1.73","3.77","1.27","7.37","1.09","1.74","2.09"
"121795","11-06-26 21:00","World","World Cup - Final phase","2026","Mexico","South Africa","1.45","4.42","8.68","1.08","8.51","1.43","2.93","2.23","1.69","4.22","1.24","8.74","1.08","2.39","1.58"